metric,count,percent
FRCH,3,42.857142857142854
ATAF,2,28.57142857142857
BOM,1,14.285714285714285
CountInput,1,14.285714285714285
